insert into tbl_board_type values(1, 'notice');
insert into tbl_board_type values(2, 'join');
insert into tbl_board_type values(3, 'check');
insert into tbl_board_type values(4, 'free');
insert into tbl_board_type values(5, 'info');
insert into tbl_board_type values(6, 'review');
insert into tbl_board_type values(7, 'qna');
insert into tbl_board_type values(8, 'meet');
insert into tbl_board_type values(9, 'meetReview');
insert into tbl_board_type values(10, 'buy');
insert into tbl_board_type values(11, 'sell');
insert into tbl_board_type values(12, 'report');

--등급추가
insert into tbl_grade
values(seq_grade.nextval, 'general');
insert into tbl_grade
values(seq_grade.nextval, 'manager');
insert into tbl_grade
values(seq_grade.nextval, 'master');

-- 장지수 user data
insert into tbl_user values( 'system', '1234', 'sysnick', 'system@email.com', sysdate, null, null, null, 'M', 2);
insert into tbl_user values( 'user01', '1234', '유저01', 'user01@email.com', sysdate, null, null, null, 'W', 1);
insert into tbl_user values( 'master', '1234', '마스터', 'master@email.com', sysdate, null, null, null, 'W', 3);

-- 김세영 user data
INSERT INTO tbl_user 
VALUES ('rabbit', '1234', '토끼', 'rabbit@email.com', SYSDATE, NULL, NULL, NULL, 'M', 1);
INSERT INTO tbl_user 
VALUES ('lion', '1234', '사자', 'lion@email.com', SYSDATE, NULL, NULL, NULL, 'F', 1);
INSERT INTO tbl_user 
VALUES ('wolf', '1234', '늑대', 'wolf@email.com', SYSDATE, NULL, NULL, NULL, 'M', 1);
INSERT INTO tbl_user 
VALUES ('dog', '1234', '강아지', 'dog@email.com', SYSDATE, NULL, NULL, NULL, 'F', 1);

--김세영 info 게시판 카테고리 테스트용 데이터 35개

DECLARE
    v_userid VARCHAR2(50 BYTE);
    v_nickname VARCHAR2(50 BYTE);
    TYPE nickname_array IS VARRAY(10) OF VARCHAR2(50 BYTE);
    TYPE userid_array IS VARRAY(10) OF VARCHAR2(50 BYTE);
    v_nicknames nickname_array := nickname_array('토끼', '사자', '늑대', '강아지');
    v_userids userid_array := userid_array('rabbit', 'lion', 'wolf', 'dog');
    v_index PLS_INTEGER;
    v_boardtypeno NUMBER;
    v_category VARCHAR2(20);
BEGIN
    FOR i IN 1..35 LOOP
        v_index := TRUNC(DBMS_RANDOM.VALUE(1, 4)); -- 1부터 10까지의 정수 생성
        v_userid := v_userids(v_index);
        v_nickname := v_nicknames(v_index);
        v_boardtypeno := 5;

        -- 카테고리 결정
        CASE MOD(i-1, 5) + 1
            WHEN 1 THEN v_category := '음식';
            WHEN 2 THEN v_category := '자동차';
            WHEN 3 THEN v_category := '장소';
            WHEN 4 THEN v_category := '핫딜';
            WHEN 5 THEN v_category := '행사';
        END CASE;

        INSERT INTO TBL_BOARD (
            BOARDNO, TITLE, CONTENT, USERID, NICKNAME, BOARDTYPENO, REGDATE, UPDATEDATE, VIEWS, LIKES, REPLYCOUNT
        ) VALUES (
            seq_board.NEXTVAL,
            '[' || v_category || '] 글제목-' || i,
            '글내용-' || i,
            v_userid,
            v_nickname,
            v_boardtypeno,
            SYSDATE,
            SYSDATE,
            0,
            0,
            0
        );
    END LOOP;
END;
/

--kim
INSERT INTO tbl_reply (REPLYNO, BOARDNO, COMMENTS, PARENTREPLYNO, USERID, NICKNAME, LIKES, UPDATEDATE) VALUES (seq_reply.NEXTVAL, 1, '주변 야생동물이 놀라워요.', NULL, 'dog', '강아지', 17, '2024-08-27');
INSERT INTO tbl_reply (REPLYNO, BOARDNO, COMMENTS, PARENTREPLYNO, USERID, NICKNAME, LIKES, UPDATEDATE) VALUES (seq_reply.NEXTVAL, 1, '캠핑장이 매우 깨끗했어요.', NULL, 'wolf', '늑대', 19, '2024-08-29');
INSERT INTO tbl_reply (REPLYNO, BOARDNO, COMMENTS, PARENTREPLYNO, USERID, NICKNAME, LIKES, UPDATEDATE) VALUES (seq_reply.NEXTVAL, 1, '아름다운 풍경입니다.', NULL, 'rabbit', '토끼', 1, '2024-08-26');
INSERT INTO tbl_reply (REPLYNO, BOARDNO, COMMENTS, PARENTREPLYNO, USERID, NICKNAME, LIKES, UPDATEDATE) VALUES (seq_reply.NEXTVAL, 1, '여기서 멋진 시간을 보냈어요.', NULL, 'rabbit', '토끼', 10, '2024-08-29');
INSERT INTO tbl_reply (REPLYNO, BOARDNO, COMMENTS, PARENTREPLYNO, USERID, NICKNAME, LIKES, UPDATEDATE) VALUES (seq_reply.NEXTVAL, 2, '정말 환상적인 경험이었습니다.', NULL, 'dog', '강아지', 7, '2024-08-27');
INSERT INTO tbl_reply (REPLYNO, BOARDNO, COMMENTS, PARENTREPLYNO, USERID, NICKNAME, LIKES, UPDATEDATE) VALUES (seq_reply.NEXTVAL, 2, '경치가 정말 아름다워요.', NULL, 'wolf', '늑대', 6, '2024-08-29');
INSERT INTO tbl_reply (REPLYNO, BOARDNO, COMMENTS, PARENTREPLYNO, USERID, NICKNAME, LIKES, UPDATEDATE) VALUES (seq_reply.NEXTVAL, 2, '평화로운 환경이 마음에 들었어요.', NULL, 'lion', '사자', 11, '2024-08-25');
INSERT INTO tbl_reply (REPLYNO, BOARDNO, COMMENTS, PARENTREPLYNO, USERID, NICKNAME, LIKES, UPDATEDATE) VALUES (seq_reply.NEXTVAL, 2, '시설이 깨끗하고 잘 관리되어 있어요.', NULL, 'dog', '강아지', 12, '2024-08-26');
INSERT INTO tbl_reply (REPLYNO, BOARDNO, COMMENTS, PARENTREPLYNO, USERID, NICKNAME, LIKES, UPDATEDATE) VALUES (seq_reply.NEXTVAL, 2, '좋은 위치에 있으며 접근성이 좋아요.', NULL, 'rabbit', '토끼', 12, '2024-08-26');
INSERT INTO tbl_reply (REPLYNO, BOARDNO, COMMENTS, PARENTREPLYNO, USERID, NICKNAME, LIKES, UPDATEDATE) VALUES (seq_reply.NEXTVAL, 2, '시설이 깨끗하고 잘 관리되어 있어요.', NULL, 'dog', '강아지', 15, '2024-08-25');
INSERT INTO tbl_reply (REPLYNO, BOARDNO, COMMENTS, PARENTREPLYNO, USERID, NICKNAME, LIKES, UPDATEDATE) VALUES (seq_reply.NEXTVAL, 2, '캠퍼들에게 꼭 추천해요.', NULL, 'lion', '사자', 14, '2024-08-25');
INSERT INTO tbl_reply (REPLYNO, BOARDNO, COMMENTS, PARENTREPLYNO, USERID, NICKNAME, LIKES, UPDATEDATE) VALUES (seq_reply.NEXTVAL, 2, '캠핑장이 매우 깨끗했어요.', NULL, 'wolf', '늑대', 5, '2024-08-28');
INSERT INTO tbl_reply (REPLYNO, BOARDNO, COMMENTS, PARENTREPLYNO, USERID, NICKNAME, LIKES, UPDATEDATE) VALUES (seq_reply.NEXTVAL, 2, '캠핑장이 매우 깨끗했어요.', NULL, 'wolf', '늑대', 12, '2024-08-28');
INSERT INTO tbl_reply (REPLYNO, BOARDNO, COMMENTS, PARENTREPLYNO, USERID, NICKNAME, LIKES, UPDATEDATE) VALUES (seq_reply.NEXTVAL, 3, '여행 동안 날씨가 완벽했어요.', NULL, 'rabbit', '토끼', 4, '2024-08-28');
INSERT INTO tbl_reply (REPLYNO, BOARDNO, COMMENTS, PARENTREPLYNO, USERID, NICKNAME, LIKES, UPDATEDATE) VALUES (seq_reply.NEXTVAL, 3, '조용한 휴식을 위해 완벽한 곳이에요.', NULL, 'rabbit', '토끼', 13, '2024-08-26');
INSERT INTO tbl_reply (REPLYNO, BOARDNO, COMMENTS, PARENTREPLYNO, USERID, NICKNAME, LIKES, UPDATEDATE) VALUES (seq_reply.NEXTVAL, 3, '여기서 멋진 시간을 보냈어요.', NULL, 'lion', '사자', 15, '2024-08-28');
INSERT INTO tbl_reply (REPLYNO, BOARDNO, COMMENTS, PARENTREPLYNO, USERID, NICKNAME, LIKES, UPDATEDATE) VALUES (seq_reply.NEXTVAL, 3, '여행 동안 날씨가 완벽했어요.', NULL, 'dog', '강아지', 15, '2024-08-29');
INSERT INTO tbl_reply (REPLYNO, BOARDNO, COMMENTS, PARENTREPLYNO, USERID, NICKNAME, LIKES, UPDATEDATE) VALUES (seq_reply.NEXTVAL, 4, '조용한 휴식을 위해 완벽한 곳이에요.', NULL, 'dog', '강아지', 4, '2024-08-26');
INSERT INTO tbl_reply (REPLYNO, BOARDNO, COMMENTS, PARENTREPLYNO, USERID, NICKNAME, LIKES, UPDATEDATE) VALUES (seq_reply.NEXTVAL, 5, '캠퍼들에게 꼭 추천해요.', NULL, 'wolf', '늑대', 17, '2024-08-29');
INSERT INTO tbl_reply (REPLYNO, BOARDNO, COMMENTS, PARENTREPLYNO, USERID, NICKNAME, LIKES, UPDATEDATE) VALUES (seq_reply.NEXTVAL, 5, '주말에 딱 맞는 장소에요.', NULL, 'wolf', '늑대', 18, '2024-08-28');
INSERT INTO tbl_reply (REPLYNO, BOARDNO, COMMENTS, PARENTREPLYNO, USERID, NICKNAME, LIKES, UPDATEDATE) VALUES (seq_reply.NEXTVAL, 5, '캠핑장이 매우 깨끗했어요.', NULL, 'dog', '강아지', 7, '2024-08-26');
INSERT INTO tbl_reply (REPLYNO, BOARDNO, COMMENTS, PARENTREPLYNO, USERID, NICKNAME, LIKES, UPDATEDATE) VALUES (seq_reply.NEXTVAL, 5, '이 장소 강력 추천합니다.', NULL, 'dog', '강아지', 20, '2024-08-28');
INSERT INTO tbl_reply (REPLYNO, BOARDNO, COMMENTS, PARENTREPLYNO, USERID, NICKNAME, LIKES, UPDATEDATE) VALUES (seq_reply.NEXTVAL, 5, '정말 환상적인 경험이었습니다.', NULL, 'lion', '사자', 16, '2024-08-28');
INSERT INTO tbl_reply (REPLYNO, BOARDNO, COMMENTS, PARENTREPLYNO, USERID, NICKNAME, LIKES, UPDATEDATE) VALUES (seq_reply.NEXTVAL, 6, '여기서 멋진 시간을 보냈어요.', NULL, 'rabbit', '토끼', 18, '2024-08-25');
INSERT INTO tbl_reply (REPLYNO, BOARDNO, COMMENTS, PARENTREPLYNO, USERID, NICKNAME, LIKES, UPDATEDATE) VALUES (seq_reply.NEXTVAL, 6, '주변 야생동물이 놀라워요.', NULL, 'wolf', '늑대', 6, '2024-08-29');
INSERT INTO tbl_reply (REPLYNO, BOARDNO, COMMENTS, PARENTREPLYNO, USERID, NICKNAME, LIKES, UPDATEDATE) VALUES (seq_reply.NEXTVAL, 6, '별 보기 좋은 장소에요.', NULL, 'rabbit', '토끼', 14, '2024-08-27');
INSERT INTO tbl_reply (REPLYNO, BOARDNO, COMMENTS, PARENTREPLYNO, USERID, NICKNAME, LIKES, UPDATEDATE) VALUES (seq_reply.NEXTVAL, 6, '시설이 깨끗하고 잘 관리되어 있어요.', NULL, 'dog', '강아지', 11, '2024-08-25');
INSERT INTO tbl_reply (REPLYNO, BOARDNO, COMMENTS, PARENTREPLYNO, USERID, NICKNAME, LIKES, UPDATEDATE) VALUES (seq_reply.NEXTVAL, 6, '아름다운 풍경입니다.', NULL, 'rabbit', '토끼', 8, '2024-08-25');
INSERT INTO tbl_reply (REPLYNO, BOARDNO, COMMENTS, PARENTREPLYNO, USERID, NICKNAME, LIKES, UPDATEDATE) VALUES (seq_reply.NEXTVAL, 6, '여행 동안 날씨가 완벽했어요.', NULL, 'dog', '강아지', 1, '2024-08-29');
INSERT INTO tbl_reply (REPLYNO, BOARDNO, COMMENTS, PARENTREPLYNO, USERID, NICKNAME, LIKES, UPDATEDATE) VALUES (seq_reply.NEXTVAL, 6, '별 보기 좋은 장소에요.', NULL, 'rabbit', '토끼', 8, '2024-08-27');
INSERT INTO tbl_reply (REPLYNO, BOARDNO, COMMENTS, PARENTREPLYNO, USERID, NICKNAME, LIKES, UPDATEDATE) VALUES (seq_reply.NEXTVAL, 6, '조용한 휴식을 위해 완벽한 곳이에요.', NULL, 'wolf', '늑대', 17, '2024-08-29');
INSERT INTO tbl_reply (REPLYNO, BOARDNO, COMMENTS, PARENTREPLYNO, USERID, NICKNAME, LIKES, UPDATEDATE) VALUES (seq_reply.NEXTVAL, 6, '정말 환상적인 경험이었습니다.', NULL, 'wolf', '늑대', 14, '2024-08-28');
INSERT INTO tbl_reply (REPLYNO, BOARDNO, COMMENTS, PARENTREPLYNO, USERID, NICKNAME, LIKES, UPDATEDATE) VALUES (seq_reply.NEXTVAL, 6, '캠핑장이 매우 깨끗했어요.', NULL, 'wolf', '늑대', 2, '2024-08-29');
INSERT INTO tbl_reply (REPLYNO, BOARDNO, COMMENTS, PARENTREPLYNO, USERID, NICKNAME, LIKES, UPDATEDATE) VALUES (seq_reply.NEXTVAL, 7, '여기서 멋진 시간을 보냈어요.', NULL, 'lion', '사자', 18, '2024-08-25');
INSERT INTO tbl_reply (REPLYNO, BOARDNO, COMMENTS, PARENTREPLYNO, USERID, NICKNAME, LIKES, UPDATEDATE) VALUES (seq_reply.NEXTVAL, 7, '아름다운 풍경입니다.', NULL, 'rabbit', '토끼', 14, '2024-08-25');
INSERT INTO tbl_reply (REPLYNO, BOARDNO, COMMENTS, PARENTREPLYNO, USERID, NICKNAME, LIKES, UPDATEDATE) VALUES (seq_reply.NEXTVAL, 7, '캠핑장이 매우 깨끗했어요.', NULL, 'rabbit', '토끼', 19, '2024-08-27');
INSERT INTO tbl_reply (REPLYNO, BOARDNO, COMMENTS, PARENTREPLYNO, USERID, NICKNAME, LIKES, UPDATEDATE) VALUES (seq_reply.NEXTVAL, 8, '좋은 위치에 있으며 접근성이 좋아요.', NULL, 'lion', '사자', 16, '2024-08-28');
INSERT INTO tbl_reply (REPLYNO, BOARDNO, COMMENTS, PARENTREPLYNO, USERID, NICKNAME, LIKES, UPDATEDATE) VALUES (seq_reply.NEXTVAL, 8, '좋은 위치에 있으며 접근성이 좋아요.', NULL, 'dog', '강아지', 1, '2024-08-26');
INSERT INTO tbl_reply (REPLYNO, BOARDNO, COMMENTS, PARENTREPLYNO, USERID, NICKNAME, LIKES, UPDATEDATE) VALUES (seq_reply.NEXTVAL, 8, '조용한 휴식을 위해 완벽한 곳이에요.', NULL, 'dog', '강아지', 5, '2024-08-28');
INSERT INTO tbl_reply (REPLYNO, BOARDNO, COMMENTS, PARENTREPLYNO, USERID, NICKNAME, LIKES, UPDATEDATE) VALUES (seq_reply.NEXTVAL, 8, '정말 환상적인 경험이었습니다.', NULL, 'dog', '강아지', 9, '2024-08-25');
INSERT INTO tbl_reply (REPLYNO, BOARDNO, COMMENTS, PARENTREPLYNO, USERID, NICKNAME, LIKES, UPDATEDATE) VALUES (seq_reply.NEXTVAL, 8, '시설이 깨끗하고 잘 관리되어 있어요.', NULL, 'lion', '사자', 17, '2024-08-27');
INSERT INTO tbl_reply (REPLYNO, BOARDNO, COMMENTS, PARENTREPLYNO, USERID, NICKNAME, LIKES, UPDATEDATE) VALUES (seq_reply.NEXTVAL, 8, '여기서 캠핑 정말 좋았어요!', NULL, 'dog', '강아지', 16, '2024-08-29');
INSERT INTO tbl_reply (REPLYNO, BOARDNO, COMMENTS, PARENTREPLYNO, USERID, NICKNAME, LIKES, UPDATEDATE) VALUES (seq_reply.NEXTVAL, 8, '여기서 캠핑 정말 좋았어요!', NULL, 'wolf', '늑대', 2, '2024-08-29');
INSERT INTO tbl_reply (REPLYNO, BOARDNO, COMMENTS, PARENTREPLYNO, USERID, NICKNAME, LIKES, UPDATEDATE) VALUES (seq_reply.NEXTVAL, 8, '아름다운 풍경입니다.', NULL, 'wolf', '늑대', 3, '2024-08-27');
INSERT INTO tbl_reply (REPLYNO, BOARDNO, COMMENTS, PARENTREPLYNO, USERID, NICKNAME, LIKES, UPDATEDATE) VALUES (seq_reply.NEXTVAL, 8, '여기서 멋진 시간을 보냈어요.', NULL, 'wolf', '늑대', 6, '2024-08-26');
INSERT INTO tbl_reply (REPLYNO, BOARDNO, COMMENTS, PARENTREPLYNO, USERID, NICKNAME, LIKES, UPDATEDATE) VALUES (seq_reply.NEXTVAL, 8, '여기서 캠핑 정말 좋았어요!', NULL, 'lion', '사자', 17, '2024-08-28');
INSERT INTO tbl_reply (REPLYNO, BOARDNO, COMMENTS, PARENTREPLYNO, USERID, NICKNAME, LIKES, UPDATEDATE) VALUES (seq_reply.NEXTVAL, 9, '별 보기 좋은 장소에요.', NULL, 'rabbit', '토끼', 9, '2024-08-27');
INSERT INTO tbl_reply (REPLYNO, BOARDNO, COMMENTS, PARENTREPLYNO, USERID, NICKNAME, LIKES, UPDATEDATE) VALUES (seq_reply.NEXTVAL, 9, '주말에 딱 맞는 장소에요.', NULL, 'lion', '사자', 15, '2024-08-25');
INSERT INTO tbl_reply (REPLYNO, BOARDNO, COMMENTS, PARENTREPLYNO, USERID, NICKNAME, LIKES, UPDATEDATE) VALUES (seq_reply.NEXTVAL, 10, '조용한 휴식을 위해 완벽한 곳이에요.', NULL, 'lion', '사자', 7, '2024-08-28');
INSERT INTO tbl_reply (REPLYNO, BOARDNO, COMMENTS, PARENTREPLYNO, USERID, NICKNAME, LIKES, UPDATEDATE) VALUES (seq_reply.NEXTVAL, 10, '이 장소 강력 추천합니다.', NULL, 'wolf', '늑대', 17, '2024-08-29');
INSERT INTO tbl_reply (REPLYNO, BOARDNO, COMMENTS, PARENTREPLYNO, USERID, NICKNAME, LIKES, UPDATEDATE) VALUES (seq_reply.NEXTVAL, 10, '여기서 캠핑 정말 좋았어요!', NULL, 'wolf', '늑대', 6, '2024-08-27');
INSERT INTO tbl_reply (REPLYNO, BOARDNO, COMMENTS, PARENTREPLYNO, USERID, NICKNAME, LIKES, UPDATEDATE) VALUES (seq_reply.NEXTVAL, 10, '여기서 멋진 시간을 보냈어요.', NULL, 'dog', '강아지', 3, '2024-08-25');
INSERT INTO tbl_reply (REPLYNO, BOARDNO, COMMENTS, PARENTREPLYNO, USERID, NICKNAME, LIKES, UPDATEDATE) VALUES (seq_reply.NEXTVAL, 10, '좋은 위치에 있으며 접근성이 좋아요.', NULL, 'dog', '강아지', 9, '2024-08-29');
INSERT INTO tbl_reply (REPLYNO, BOARDNO, COMMENTS, PARENTREPLYNO, USERID, NICKNAME, LIKES, UPDATEDATE) VALUES (seq_reply.NEXTVAL, 10, '시설이 깨끗하고 잘 관리되어 있어요.', NULL, 'rabbit', '토끼', 19, '2024-08-28');
INSERT INTO tbl_reply (REPLYNO, BOARDNO, COMMENTS, PARENTREPLYNO, USERID, NICKNAME, LIKES, UPDATEDATE) VALUES (seq_reply.NEXTVAL, 11, '여기서 캠핑 정말 좋았어요!', NULL, 'lion', '사자', 10, '2024-08-25');
INSERT INTO tbl_reply (REPLYNO, BOARDNO, COMMENTS, PARENTREPLYNO, USERID, NICKNAME, LIKES, UPDATEDATE) VALUES (seq_reply.NEXTVAL, 11, '조용한 휴식을 위해 완벽한 곳이에요.', NULL, 'rabbit', '토끼', 7, '2024-08-25');
INSERT INTO tbl_reply (REPLYNO, BOARDNO, COMMENTS, PARENTREPLYNO, USERID, NICKNAME, LIKES, UPDATEDATE) VALUES (seq_reply.NEXTVAL, 11, '캠핑장이 매우 깨끗했어요.', NULL, 'dog', '강아지', 4, '2024-08-27');
INSERT INTO tbl_reply (REPLYNO, BOARDNO, COMMENTS, PARENTREPLYNO, USERID, NICKNAME, LIKES, UPDATEDATE) VALUES (seq_reply.NEXTVAL, 11, '이 장소 강력 추천합니다.', NULL, 'dog', '강아지', 9, '2024-08-29');
INSERT INTO tbl_reply (REPLYNO, BOARDNO, COMMENTS, PARENTREPLYNO, USERID, NICKNAME, LIKES, UPDATEDATE) VALUES (seq_reply.NEXTVAL, 11, '여기서 캠핑 정말 좋았어요!', NULL, 'wolf', '늑대', 5, '2024-08-28');
INSERT INTO tbl_reply (REPLYNO, BOARDNO, COMMENTS, PARENTREPLYNO, USERID, NICKNAME, LIKES, UPDATEDATE) VALUES (seq_reply.NEXTVAL, 11, '여행 동안 날씨가 완벽했어요.', NULL, 'dog', '강아지', 4, '2024-08-25');
INSERT INTO tbl_reply (REPLYNO, BOARDNO, COMMENTS, PARENTREPLYNO, USERID, NICKNAME, LIKES, UPDATEDATE) VALUES (seq_reply.NEXTVAL, 12, '주변 야생동물이 놀라워요.', NULL, 'wolf', '늑대', 9, '2024-08-26');
INSERT INTO tbl_reply (REPLYNO, BOARDNO, COMMENTS, PARENTREPLYNO, USERID, NICKNAME, LIKES, UPDATEDATE) VALUES (seq_reply.NEXTVAL, 12, '캠퍼들에게 꼭 추천해요.', NULL, 'wolf', '늑대', 13, '2024-08-28');
INSERT INTO tbl_reply (REPLYNO, BOARDNO, COMMENTS, PARENTREPLYNO, USERID, NICKNAME, LIKES, UPDATEDATE) VALUES (seq_reply.NEXTVAL, 13, '평화로운 환경이 마음에 들었어요.', NULL, 'lion', '사자', 8, '2024-08-28');
INSERT INTO tbl_reply (REPLYNO, BOARDNO, COMMENTS, PARENTREPLYNO, USERID, NICKNAME, LIKES, UPDATEDATE) VALUES (seq_reply.NEXTVAL, 13, '캠핑장이 매우 깨끗했어요.', NULL, 'rabbit', '토끼', 5, '2024-08-25');
INSERT INTO tbl_reply (REPLYNO, BOARDNO, COMMENTS, PARENTREPLYNO, USERID, NICKNAME, LIKES, UPDATEDATE) VALUES (seq_reply.NEXTVAL, 13, '조용한 휴식을 위해 완벽한 곳이에요.', NULL, 'dog', '강아지', 7, '2024-08-28');
INSERT INTO tbl_reply (REPLYNO, BOARDNO, COMMENTS, PARENTREPLYNO, USERID, NICKNAME, LIKES, UPDATEDATE) VALUES (seq_reply.NEXTVAL, 13, '캠핑장이 매우 깨끗했어요.', NULL, 'wolf', '늑대', 1, '2024-08-28');
INSERT INTO tbl_reply (REPLYNO, BOARDNO, COMMENTS, PARENTREPLYNO, USERID, NICKNAME, LIKES, UPDATEDATE) VALUES (seq_reply.NEXTVAL, 14, '주변 야생동물이 놀라워요.', NULL, 'rabbit', '토끼', 7, '2024-08-29');
INSERT INTO tbl_reply (REPLYNO, BOARDNO, COMMENTS, PARENTREPLYNO, USERID, NICKNAME, LIKES, UPDATEDATE) VALUES (seq_reply.NEXTVAL, 14, '여기서 멋진 시간을 보냈어요.', NULL, 'rabbit', '토끼', 15, '2024-08-27');
INSERT INTO tbl_reply (REPLYNO, BOARDNO, COMMENTS, PARENTREPLYNO, USERID, NICKNAME, LIKES, UPDATEDATE) VALUES (seq_reply.NEXTVAL, 14, '주변 야생동물이 놀라워요.', NULL, 'rabbit', '토끼', 13, '2024-08-28');
INSERT INTO tbl_reply (REPLYNO, BOARDNO, COMMENTS, PARENTREPLYNO, USERID, NICKNAME, LIKES, UPDATEDATE) VALUES (seq_reply.NEXTVAL, 14, '시설이 깨끗하고 잘 관리되어 있어요.', NULL, 'dog', '강아지', 10, '2024-08-29');
INSERT INTO tbl_reply (REPLYNO, BOARDNO, COMMENTS, PARENTREPLYNO, USERID, NICKNAME, LIKES, UPDATEDATE) VALUES (seq_reply.NEXTVAL, 14, '평화로운 환경이 마음에 들었어요.', NULL, 'rabbit', '토끼', 18, '2024-08-27');
INSERT INTO tbl_reply (REPLYNO, BOARDNO, COMMENTS, PARENTREPLYNO, USERID, NICKNAME, LIKES, UPDATEDATE) VALUES (seq_reply.NEXTVAL, 14, '캠핑장이 매우 깨끗했어요.', NULL, 'dog', '강아지', 4, '2024-08-25');
INSERT INTO tbl_reply (REPLYNO, BOARDNO, COMMENTS, PARENTREPLYNO, USERID, NICKNAME, LIKES, UPDATEDATE) VALUES (seq_reply.NEXTVAL, 14, '이 장소 강력 추천합니다.', NULL, 'dog', '강아지', 2, '2024-08-26');
INSERT INTO tbl_reply (REPLYNO, BOARDNO, COMMENTS, PARENTREPLYNO, USERID, NICKNAME, LIKES, UPDATEDATE) VALUES (seq_reply.NEXTVAL, 14, '조용한 휴식을 위해 완벽한 곳이에요.', NULL, 'rabbit', '토끼', 13, '2024-08-27');
INSERT INTO tbl_reply (REPLYNO, BOARDNO, COMMENTS, PARENTREPLYNO, USERID, NICKNAME, LIKES, UPDATEDATE) VALUES (seq_reply.NEXTVAL, 14, '주말에 딱 맞는 장소에요.', NULL, 'rabbit', '토끼', 6, '2024-08-28');
INSERT INTO tbl_reply (REPLYNO, BOARDNO, COMMENTS, PARENTREPLYNO, USERID, NICKNAME, LIKES, UPDATEDATE) VALUES (seq_reply.NEXTVAL, 14, '주변 야생동물이 놀라워요.', NULL, 'rabbit', '토끼', 15, '2024-08-28');
INSERT INTO tbl_reply (REPLYNO, BOARDNO, COMMENTS, PARENTREPLYNO, USERID, NICKNAME, LIKES, UPDATEDATE) VALUES (seq_reply.NEXTVAL, 15, '캠핑장이 매우 깨끗했어요.', NULL, 'rabbit', '토끼', 4, '2024-08-26');
INSERT INTO tbl_reply (REPLYNO, BOARDNO, COMMENTS, PARENTREPLYNO, USERID, NICKNAME, LIKES, UPDATEDATE) VALUES (seq_reply.NEXTVAL, 15, '캠퍼들에게 꼭 추천해요.', NULL, 'lion', '사자', 18, '2024-08-26');
INSERT INTO tbl_reply (REPLYNO, BOARDNO, COMMENTS, PARENTREPLYNO, USERID, NICKNAME, LIKES, UPDATEDATE) VALUES (seq_reply.NEXTVAL, 15, '평화로운 환경이 마음에 들었어요.', NULL, 'wolf', '늑대', 20, '2024-08-29');
INSERT INTO tbl_reply (REPLYNO, BOARDNO, COMMENTS, PARENTREPLYNO, USERID, NICKNAME, LIKES, UPDATEDATE) VALUES (seq_reply.NEXTVAL, 15, '주말에 딱 맞는 장소에요.', NULL, 'wolf', '늑대', 17, '2024-08-29');
INSERT INTO tbl_reply (REPLYNO, BOARDNO, COMMENTS, PARENTREPLYNO, USERID, NICKNAME, LIKES, UPDATEDATE) VALUES (seq_reply.NEXTVAL, 15, '캠퍼들에게 꼭 추천해요.', NULL, 'rabbit', '토끼', 4, '2024-08-26');
INSERT INTO tbl_reply (REPLYNO, BOARDNO, COMMENTS, PARENTREPLYNO, USERID, NICKNAME, LIKES, UPDATEDATE) VALUES (seq_reply.NEXTVAL, 15, '아름다운 풍경입니다.', NULL, 'dog', '강아지', 18, '2024-08-28');
INSERT INTO tbl_reply (REPLYNO, BOARDNO, COMMENTS, PARENTREPLYNO, USERID, NICKNAME, LIKES, UPDATEDATE) VALUES (seq_reply.NEXTVAL, 15, '여행 동안 날씨가 완벽했어요.', NULL, 'wolf', '늑대', 10, '2024-08-29');
INSERT INTO tbl_reply (REPLYNO, BOARDNO, COMMENTS, PARENTREPLYNO, USERID, NICKNAME, LIKES, UPDATEDATE) VALUES (seq_reply.NEXTVAL, 16, '좋은 위치에 있으며 접근성이 좋아요.', NULL, 'wolf', '늑대', 9, '2024-08-28');
INSERT INTO tbl_reply (REPLYNO, BOARDNO, COMMENTS, PARENTREPLYNO, USERID, NICKNAME, LIKES, UPDATEDATE) VALUES (seq_reply.NEXTVAL, 16, '주말에 딱 맞는 장소에요.', NULL, 'rabbit', '토끼', 9, '2024-08-25');
INSERT INTO tbl_reply (REPLYNO, BOARDNO, COMMENTS, PARENTREPLYNO, USERID, NICKNAME, LIKES, UPDATEDATE) VALUES (seq_reply.NEXTVAL, 16, '여기서 멋진 시간을 보냈어요.', NULL, 'wolf', '늑대', 11, '2024-08-25');
INSERT INTO tbl_reply (REPLYNO, BOARDNO, COMMENTS, PARENTREPLYNO, USERID, NICKNAME, LIKES, UPDATEDATE) VALUES (seq_reply.NEXTVAL, 16, '캠퍼들에게 꼭 추천해요.', NULL, 'dog', '강아지', 20, '2024-08-26');
INSERT INTO tbl_reply (REPLYNO, BOARDNO, COMMENTS, PARENTREPLYNO, USERID, NICKNAME, LIKES, UPDATEDATE) VALUES (seq_reply.NEXTVAL, 17, '평화로운 환경이 마음에 들었어요.', NULL, 'wolf', '늑대', 18, '2024-08-27');
INSERT INTO tbl_reply (REPLYNO, BOARDNO, COMMENTS, PARENTREPLYNO, USERID, NICKNAME, LIKES, UPDATEDATE) VALUES (seq_reply.NEXTVAL, 17, '평화로운 환경이 마음에 들었어요.', NULL, 'dog', '강아지', 12, '2024-08-26');
INSERT INTO tbl_reply (REPLYNO, BOARDNO, COMMENTS, PARENTREPLYNO, USERID, NICKNAME, LIKES, UPDATEDATE) VALUES (seq_reply.NEXTVAL, 17, '좋은 위치에 있으며 접근성이 좋아요.', NULL, 'lion', '사자', 8, '2024-08-26');
INSERT INTO tbl_reply (REPLYNO, BOARDNO, COMMENTS, PARENTREPLYNO, USERID, NICKNAME, LIKES, UPDATEDATE) VALUES (seq_reply.NEXTVAL, 17, '캠핑장이 매우 깨끗했어요.', NULL, 'dog', '강아지', 18, '2024-08-26');
INSERT INTO tbl_reply (REPLYNO, BOARDNO, COMMENTS, PARENTREPLYNO, USERID, NICKNAME, LIKES, UPDATEDATE) VALUES (seq_reply.NEXTVAL, 17, '여기서 캠핑 정말 좋았어요!', NULL, 'lion', '사자', 2, '2024-08-26');
INSERT INTO tbl_reply (REPLYNO, BOARDNO, COMMENTS, PARENTREPLYNO, USERID, NICKNAME, LIKES, UPDATEDATE) VALUES (seq_reply.NEXTVAL, 17, '여기서 캠핑 정말 좋았어요!', NULL, 'rabbit', '토끼', 9, '2024-08-27');
INSERT INTO tbl_reply (REPLYNO, BOARDNO, COMMENTS, PARENTREPLYNO, USERID, NICKNAME, LIKES, UPDATEDATE) VALUES (seq_reply.NEXTVAL, 17, '경치가 정말 아름다워요.', NULL, 'rabbit', '토끼', 9, '2024-08-29');
INSERT INTO tbl_reply (REPLYNO, BOARDNO, COMMENTS, PARENTREPLYNO, USERID, NICKNAME, LIKES, UPDATEDATE) VALUES (seq_reply.NEXTVAL, 17, '평화로운 환경이 마음에 들었어요.', NULL, 'lion', '사자', 17, '2024-08-26');
INSERT INTO tbl_reply (REPLYNO, BOARDNO, COMMENTS, PARENTREPLYNO, USERID, NICKNAME, LIKES, UPDATEDATE) VALUES (seq_reply.NEXTVAL, 17, '좋은 위치에 있으며 접근성이 좋아요.', NULL, 'lion', '사자', 8, '2024-08-26');
INSERT INTO tbl_reply (REPLYNO, BOARDNO, COMMENTS, PARENTREPLYNO, USERID, NICKNAME, LIKES, UPDATEDATE) VALUES (seq_reply.NEXTVAL, 17, '캠퍼들에게 꼭 추천해요.', NULL, 'dog', '강아지', 5, '2024-08-27');
INSERT INTO tbl_reply (REPLYNO, BOARDNO, COMMENTS, PARENTREPLYNO, USERID, NICKNAME, LIKES, UPDATEDATE) VALUES (seq_reply.NEXTVAL, 18, '별 보기 좋은 장소에요.', NULL, 'dog', '강아지', 20, '2024-08-25');
INSERT INTO tbl_reply (REPLYNO, BOARDNO, COMMENTS, PARENTREPLYNO, USERID, NICKNAME, LIKES, UPDATEDATE) VALUES (seq_reply.NEXTVAL, 18, '이 장소 강력 추천합니다.', NULL, 'lion', '사자', 8, '2024-08-28');
INSERT INTO tbl_reply (REPLYNO, BOARDNO, COMMENTS, PARENTREPLYNO, USERID, NICKNAME, LIKES, UPDATEDATE) VALUES (seq_reply.NEXTVAL, 18, '조용한 휴식을 위해 완벽한 곳이에요.', NULL, 'dog', '강아지', 14, '2024-08-28');
INSERT INTO tbl_reply (REPLYNO, BOARDNO, COMMENTS, PARENTREPLYNO, USERID, NICKNAME, LIKES, UPDATEDATE) VALUES (seq_reply.NEXTVAL, 18, '여행 동안 날씨가 완벽했어요.', NULL, 'lion', '사자', 15, '2024-08-26');
INSERT INTO tbl_reply (REPLYNO, BOARDNO, COMMENTS, PARENTREPLYNO, USERID, NICKNAME, LIKES, UPDATEDATE) VALUES (seq_reply.NEXTVAL, 18, '평화로운 환경이 마음에 들었어요.', NULL, 'wolf', '늑대', 18, '2024-08-27');
INSERT INTO tbl_reply (REPLYNO, BOARDNO, COMMENTS, PARENTREPLYNO, USERID, NICKNAME, LIKES, UPDATEDATE) VALUES (seq_reply.NEXTVAL, 18, '시설이 깨끗하고 잘 관리되어 있어요.', NULL, 'wolf', '늑대', 9, '2024-08-26');
INSERT INTO tbl_reply (REPLYNO, BOARDNO, COMMENTS, PARENTREPLYNO, USERID, NICKNAME, LIKES, UPDATEDATE) VALUES (seq_reply.NEXTVAL, 18, '좋은 위치에 있으며 접근성이 좋아요.', NULL, 'lion', '사자', 5, '2024-08-25');
INSERT INTO tbl_reply (REPLYNO, BOARDNO, COMMENTS, PARENTREPLYNO, USERID, NICKNAME, LIKES, UPDATEDATE) VALUES (seq_reply.NEXTVAL, 19, '조용한 휴식을 위해 완벽한 곳이에요.', NULL, 'rabbit', '토끼', 4, '2024-08-27');
INSERT INTO tbl_reply (REPLYNO, BOARDNO, COMMENTS, PARENTREPLYNO, USERID, NICKNAME, LIKES, UPDATEDATE) VALUES (seq_reply.NEXTVAL, 19, '이 장소 강력 추천합니다.', NULL, 'wolf', '늑대', 12, '2024-08-29');
INSERT INTO tbl_reply (REPLYNO, BOARDNO, COMMENTS, PARENTREPLYNO, USERID, NICKNAME, LIKES, UPDATEDATE) VALUES (seq_reply.NEXTVAL, 19, '경치가 정말 아름다워요.', NULL, 'rabbit', '토끼', 20, '2024-08-27');
INSERT INTO tbl_reply (REPLYNO, BOARDNO, COMMENTS, PARENTREPLYNO, USERID, NICKNAME, LIKES, UPDATEDATE) VALUES (seq_reply.NEXTVAL, 19, '이 장소 강력 추천합니다.', NULL, 'lion', '사자', 8, '2024-08-26');
INSERT INTO tbl_reply (REPLYNO, BOARDNO, COMMENTS, PARENTREPLYNO, USERID, NICKNAME, LIKES, UPDATEDATE) VALUES (seq_reply.NEXTVAL, 19, '아름다운 풍경입니다.', NULL, 'dog', '강아지', 14, '2024-08-25');
INSERT INTO tbl_reply (REPLYNO, BOARDNO, COMMENTS, PARENTREPLYNO, USERID, NICKNAME, LIKES, UPDATEDATE) VALUES (seq_reply.NEXTVAL, 19, '별 보기 좋은 장소에요.', NULL, 'wolf', '늑대', 1, '2024-08-28');
INSERT INTO tbl_reply (REPLYNO, BOARDNO, COMMENTS, PARENTREPLYNO, USERID, NICKNAME, LIKES, UPDATEDATE) VALUES (seq_reply.NEXTVAL, 20, '별 보기 좋은 장소에요.', NULL, 'lion', '사자', 20, '2024-08-29');
INSERT INTO tbl_reply (REPLYNO, BOARDNO, COMMENTS, PARENTREPLYNO, USERID, NICKNAME, LIKES, UPDATEDATE) VALUES (seq_reply.NEXTVAL, 20, '이 장소 강력 추천합니다.', NULL, 'lion', '사자', 8, '2024-08-25');
INSERT INTO tbl_reply (REPLYNO, BOARDNO, COMMENTS, PARENTREPLYNO, USERID, NICKNAME, LIKES, UPDATEDATE) VALUES (seq_reply.NEXTVAL, 20, '주말에 딱 맞는 장소에요.', NULL, 'dog', '강아지', 8, '2024-08-28');
INSERT INTO tbl_reply (REPLYNO, BOARDNO, COMMENTS, PARENTREPLYNO, USERID, NICKNAME, LIKES, UPDATEDATE) VALUES (seq_reply.NEXTVAL, 20, '여기서 멋진 시간을 보냈어요.', NULL, 'lion', '사자', 20, '2024-08-25');
INSERT INTO tbl_reply (REPLYNO, BOARDNO, COMMENTS, PARENTREPLYNO, USERID, NICKNAME, LIKES, UPDATEDATE) VALUES (seq_reply.NEXTVAL, 20, '경치가 정말 아름다워요.', NULL, 'wolf', '늑대', 4, '2024-08-25');
INSERT INTO tbl_reply (REPLYNO, BOARDNO, COMMENTS, PARENTREPLYNO, USERID, NICKNAME, LIKES, UPDATEDATE) VALUES (seq_reply.NEXTVAL, 20, '주변 야생동물이 놀라워요.', NULL, 'dog', '강아지', 7, '2024-08-28');
INSERT INTO tbl_reply (REPLYNO, BOARDNO, COMMENTS, PARENTREPLYNO, USERID, NICKNAME, LIKES, UPDATEDATE) VALUES (seq_reply.NEXTVAL, 20, '시설이 깨끗하고 잘 관리되어 있어요.', NULL, 'rabbit', '토끼', 18, '2024-08-29');
INSERT INTO tbl_reply (REPLYNO, BOARDNO, COMMENTS, PARENTREPLYNO, USERID, NICKNAME, LIKES, UPDATEDATE) VALUES (seq_reply.NEXTVAL, 20, '정말 환상적인 경험이었습니다.', NULL, 'dog', '강아지', 12, '2024-08-26');
INSERT INTO tbl_reply (REPLYNO, BOARDNO, COMMENTS, PARENTREPLYNO, USERID, NICKNAME, LIKES, UPDATEDATE) VALUES (seq_reply.NEXTVAL, 21, '아름다운 풍경입니다.', NULL, 'wolf', '늑대', 14, '2024-08-25');
INSERT INTO tbl_reply (REPLYNO, BOARDNO, COMMENTS, PARENTREPLYNO, USERID, NICKNAME, LIKES, UPDATEDATE) VALUES (seq_reply.NEXTVAL, 21, '주변 야생동물이 놀라워요.', NULL, 'rabbit', '토끼', 10, '2024-08-27');
INSERT INTO tbl_reply (REPLYNO, BOARDNO, COMMENTS, PARENTREPLYNO, USERID, NICKNAME, LIKES, UPDATEDATE) VALUES (seq_reply.NEXTVAL, 21, '캠핑장이 매우 깨끗했어요.', NULL, 'dog', '강아지', 9, '2024-08-25');
INSERT INTO tbl_reply (REPLYNO, BOARDNO, COMMENTS, PARENTREPLYNO, USERID, NICKNAME, LIKES, UPDATEDATE) VALUES (seq_reply.NEXTVAL, 21, '별 보기 좋은 장소에요.', NULL, 'wolf', '늑대', 5, '2024-08-29');
INSERT INTO tbl_reply (REPLYNO, BOARDNO, COMMENTS, PARENTREPLYNO, USERID, NICKNAME, LIKES, UPDATEDATE) VALUES (seq_reply.NEXTVAL, 21, '여기서 멋진 시간을 보냈어요.', NULL, 'dog', '강아지', 10, '2024-08-26');
INSERT INTO tbl_reply (REPLYNO, BOARDNO, COMMENTS, PARENTREPLYNO, USERID, NICKNAME, LIKES, UPDATEDATE) VALUES (seq_reply.NEXTVAL, 22, '시설이 깨끗하고 잘 관리되어 있어요.', NULL, 'rabbit', '토끼', 9, '2024-08-29');
INSERT INTO tbl_reply (REPLYNO, BOARDNO, COMMENTS, PARENTREPLYNO, USERID, NICKNAME, LIKES, UPDATEDATE) VALUES (seq_reply.NEXTVAL, 23, '평화로운 환경이 마음에 들었어요.', NULL, 'lion', '사자', 2, '2024-08-29');
INSERT INTO tbl_reply (REPLYNO, BOARDNO, COMMENTS, PARENTREPLYNO, USERID, NICKNAME, LIKES, UPDATEDATE) VALUES (seq_reply.NEXTVAL, 23, '주말에 딱 맞는 장소에요.', NULL, 'lion', '사자', 1, '2024-08-28');
INSERT INTO tbl_reply (REPLYNO, BOARDNO, COMMENTS, PARENTREPLYNO, USERID, NICKNAME, LIKES, UPDATEDATE) VALUES (seq_reply.NEXTVAL, 23, '주변 야생동물이 놀라워요.', NULL, 'wolf', '늑대', 11, '2024-08-25');
INSERT INTO tbl_reply (REPLYNO, BOARDNO, COMMENTS, PARENTREPLYNO, USERID, NICKNAME, LIKES, UPDATEDATE) VALUES (seq_reply.NEXTVAL, 23, '여행 동안 날씨가 완벽했어요.', NULL, 'lion', '사자', 4, '2024-08-26');
INSERT INTO tbl_reply (REPLYNO, BOARDNO, COMMENTS, PARENTREPLYNO, USERID, NICKNAME, LIKES, UPDATEDATE) VALUES (seq_reply.NEXTVAL, 23, '시설이 깨끗하고 잘 관리되어 있어요.', NULL, 'wolf', '늑대', 15, '2024-08-26');
INSERT INTO tbl_reply (REPLYNO, BOARDNO, COMMENTS, PARENTREPLYNO, USERID, NICKNAME, LIKES, UPDATEDATE) VALUES (seq_reply.NEXTVAL, 23, '아름다운 풍경입니다.', NULL, 'lion', '사자', 3, '2024-08-28');
INSERT INTO tbl_reply (REPLYNO, BOARDNO, COMMENTS, PARENTREPLYNO, USERID, NICKNAME, LIKES, UPDATEDATE) VALUES (seq_reply.NEXTVAL, 23, '캠퍼들에게 꼭 추천해요.', NULL, 'rabbit', '토끼', 19, '2024-08-28');
INSERT INTO tbl_reply (REPLYNO, BOARDNO, COMMENTS, PARENTREPLYNO, USERID, NICKNAME, LIKES, UPDATEDATE) VALUES (seq_reply.NEXTVAL, 23, '여기서 캠핑 정말 좋았어요!', NULL, 'rabbit', '토끼', 2, '2024-08-28');
INSERT INTO tbl_reply (REPLYNO, BOARDNO, COMMENTS, PARENTREPLYNO, USERID, NICKNAME, LIKES, UPDATEDATE) VALUES (seq_reply.NEXTVAL, 24, '평화로운 환경이 마음에 들었어요.', NULL, 'lion', '사자', 17, '2024-08-27');
INSERT INTO tbl_reply (REPLYNO, BOARDNO, COMMENTS, PARENTREPLYNO, USERID, NICKNAME, LIKES, UPDATEDATE) VALUES (seq_reply.NEXTVAL, 24, '캠핑장이 매우 깨끗했어요.', NULL, 'wolf', '늑대', 9, '2024-08-28');
INSERT INTO tbl_reply (REPLYNO, BOARDNO, COMMENTS, PARENTREPLYNO, USERID, NICKNAME, LIKES, UPDATEDATE) VALUES (seq_reply.NEXTVAL, 24, '주변 야생동물이 놀라워요.', NULL, 'rabbit', '토끼', 1, '2024-08-29');
INSERT INTO tbl_reply (REPLYNO, BOARDNO, COMMENTS, PARENTREPLYNO, USERID, NICKNAME, LIKES, UPDATEDATE) VALUES (seq_reply.NEXTVAL, 24, '평화로운 환경이 마음에 들었어요.', NULL, 'wolf', '늑대', 16, '2024-08-26');
INSERT INTO tbl_reply (REPLYNO, BOARDNO, COMMENTS, PARENTREPLYNO, USERID, NICKNAME, LIKES, UPDATEDATE) VALUES (seq_reply.NEXTVAL, 24, '주말에 딱 맞는 장소에요.', NULL, 'rabbit', '토끼', 14, '2024-08-27');
INSERT INTO tbl_reply (REPLYNO, BOARDNO, COMMENTS, PARENTREPLYNO, USERID, NICKNAME, LIKES, UPDATEDATE) VALUES (seq_reply.NEXTVAL, 24, '좋은 위치에 있으며 접근성이 좋아요.', NULL, 'wolf', '늑대', 15, '2024-08-26');
INSERT INTO tbl_reply (REPLYNO, BOARDNO, COMMENTS, PARENTREPLYNO, USERID, NICKNAME, LIKES, UPDATEDATE) VALUES (seq_reply.NEXTVAL, 25, '좋은 위치에 있으며 접근성이 좋아요.', NULL, 'lion', '사자', 9, '2024-08-27');
INSERT INTO tbl_reply (REPLYNO, BOARDNO, COMMENTS, PARENTREPLYNO, USERID, NICKNAME, LIKES, UPDATEDATE) VALUES (seq_reply.NEXTVAL, 25, '이 장소 강력 추천합니다.', NULL, 'dog', '강아지', 12, '2024-08-29');
INSERT INTO tbl_reply (REPLYNO, BOARDNO, COMMENTS, PARENTREPLYNO, USERID, NICKNAME, LIKES, UPDATEDATE) VALUES (seq_reply.NEXTVAL, 25, '정말 환상적인 경험이었습니다.', NULL, 'wolf', '늑대', 15, '2024-08-26');
INSERT INTO tbl_reply (REPLYNO, BOARDNO, COMMENTS, PARENTREPLYNO, USERID, NICKNAME, LIKES, UPDATEDATE) VALUES (seq_reply.NEXTVAL, 25, '경치가 정말 아름다워요.', NULL, 'lion', '사자', 7, '2024-08-27');
INSERT INTO tbl_reply (REPLYNO, BOARDNO, COMMENTS, PARENTREPLYNO, USERID, NICKNAME, LIKES, UPDATEDATE) VALUES (seq_reply.NEXTVAL, 26, '별 보기 좋은 장소에요.', NULL, 'lion', '사자', 11, '2024-08-28');
INSERT INTO tbl_reply (REPLYNO, BOARDNO, COMMENTS, PARENTREPLYNO, USERID, NICKNAME, LIKES, UPDATEDATE) VALUES (seq_reply.NEXTVAL, 26, '주변 야생동물이 놀라워요.', NULL, 'wolf', '늑대', 4, '2024-08-26');
INSERT INTO tbl_reply (REPLYNO, BOARDNO, COMMENTS, PARENTREPLYNO, USERID, NICKNAME, LIKES, UPDATEDATE) VALUES (seq_reply.NEXTVAL, 26, '주변 야생동물이 놀라워요.', NULL, 'wolf', '늑대', 14, '2024-08-29');
INSERT INTO tbl_reply (REPLYNO, BOARDNO, COMMENTS, PARENTREPLYNO, USERID, NICKNAME, LIKES, UPDATEDATE) VALUES (seq_reply.NEXTVAL, 26, '아름다운 풍경입니다.', NULL, 'wolf', '늑대', 12, '2024-08-29');
INSERT INTO tbl_reply (REPLYNO, BOARDNO, COMMENTS, PARENTREPLYNO, USERID, NICKNAME, LIKES, UPDATEDATE) VALUES (seq_reply.NEXTVAL, 26, '조용한 휴식을 위해 완벽한 곳이에요.', NULL, 'dog', '강아지', 8, '2024-08-27');
INSERT INTO tbl_reply (REPLYNO, BOARDNO, COMMENTS, PARENTREPLYNO, USERID, NICKNAME, LIKES, UPDATEDATE) VALUES (seq_reply.NEXTVAL, 26, '조용한 휴식을 위해 완벽한 곳이에요.', NULL, 'lion', '사자', 15, '2024-08-28');
INSERT INTO tbl_reply (REPLYNO, BOARDNO, COMMENTS, PARENTREPLYNO, USERID, NICKNAME, LIKES, UPDATEDATE) VALUES (seq_reply.NEXTVAL, 26, '정말 환상적인 경험이었습니다.', NULL, 'rabbit', '토끼', 9, '2024-08-26');
INSERT INTO tbl_reply (REPLYNO, BOARDNO, COMMENTS, PARENTREPLYNO, USERID, NICKNAME, LIKES, UPDATEDATE) VALUES (seq_reply.NEXTVAL, 26, '여기서 캠핑 정말 좋았어요!', NULL, 'rabbit', '토끼', 9, '2024-08-25');
INSERT INTO tbl_reply (REPLYNO, BOARDNO, COMMENTS, PARENTREPLYNO, USERID, NICKNAME, LIKES, UPDATEDATE) VALUES (seq_reply.NEXTVAL, 26, '여기서 멋진 시간을 보냈어요.', NULL, 'lion', '사자', 11, '2024-08-28');
INSERT INTO tbl_reply (REPLYNO, BOARDNO, COMMENTS, PARENTREPLYNO, USERID, NICKNAME, LIKES, UPDATEDATE) VALUES (seq_reply.NEXTVAL, 27, '아름다운 풍경입니다.', NULL, 'lion', '사자', 13, '2024-08-27');
INSERT INTO tbl_reply (REPLYNO, BOARDNO, COMMENTS, PARENTREPLYNO, USERID, NICKNAME, LIKES, UPDATEDATE) VALUES (seq_reply.NEXTVAL, 28, '여기서 멋진 시간을 보냈어요.', NULL, 'rabbit', '토끼', 18, '2024-08-25');
INSERT INTO tbl_reply (REPLYNO, BOARDNO, COMMENTS, PARENTREPLYNO, USERID, NICKNAME, LIKES, UPDATEDATE) VALUES (seq_reply.NEXTVAL, 28, '주말에 딱 맞는 장소에요.', NULL, 'wolf', '늑대', 4, '2024-08-27');
INSERT INTO tbl_reply (REPLYNO, BOARDNO, COMMENTS, PARENTREPLYNO, USERID, NICKNAME, LIKES, UPDATEDATE) VALUES (seq_reply.NEXTVAL, 28, '아름다운 풍경입니다.', NULL, 'rabbit', '토끼', 6, '2024-08-28');
INSERT INTO tbl_reply (REPLYNO, BOARDNO, COMMENTS, PARENTREPLYNO, USERID, NICKNAME, LIKES, UPDATEDATE) VALUES (seq_reply.NEXTVAL, 28, '주변 야생동물이 놀라워요.', NULL, 'dog', '강아지', 9, '2024-08-29');
INSERT INTO tbl_reply (REPLYNO, BOARDNO, COMMENTS, PARENTREPLYNO, USERID, NICKNAME, LIKES, UPDATEDATE) VALUES (seq_reply.NEXTVAL, 28, '시설이 깨끗하고 잘 관리되어 있어요.', NULL, 'lion', '사자', 7, '2024-08-27');
INSERT INTO tbl_reply (REPLYNO, BOARDNO, COMMENTS, PARENTREPLYNO, USERID, NICKNAME, LIKES, UPDATEDATE) VALUES (seq_reply.NEXTVAL, 28, '경치가 정말 아름다워요.', NULL, 'rabbit', '토끼', 6, '2024-08-29');
INSERT INTO tbl_reply (REPLYNO, BOARDNO, COMMENTS, PARENTREPLYNO, USERID, NICKNAME, LIKES, UPDATEDATE) VALUES (seq_reply.NEXTVAL, 28, '캠퍼들에게 꼭 추천해요.', NULL, 'lion', '사자', 16, '2024-08-26');
INSERT INTO tbl_reply (REPLYNO, BOARDNO, COMMENTS, PARENTREPLYNO, USERID, NICKNAME, LIKES, UPDATEDATE) VALUES (seq_reply.NEXTVAL, 29, '정말 환상적인 경험이었습니다.', NULL, 'rabbit', '토끼', 15, '2024-08-29');
INSERT INTO tbl_reply (REPLYNO, BOARDNO, COMMENTS, PARENTREPLYNO, USERID, NICKNAME, LIKES, UPDATEDATE) VALUES (seq_reply.NEXTVAL, 29, '캠퍼들에게 꼭 추천해요.', NULL, 'wolf', '늑대', 10, '2024-08-28');
INSERT INTO tbl_reply (REPLYNO, BOARDNO, COMMENTS, PARENTREPLYNO, USERID, NICKNAME, LIKES, UPDATEDATE) VALUES (seq_reply.NEXTVAL, 29, '아름다운 풍경입니다.', NULL, 'dog', '강아지', 4, '2024-08-26');
INSERT INTO tbl_reply (REPLYNO, BOARDNO, COMMENTS, PARENTREPLYNO, USERID, NICKNAME, LIKES, UPDATEDATE) VALUES (seq_reply.NEXTVAL, 29, '주말에 딱 맞는 장소에요.', NULL, 'rabbit', '토끼', 17, '2024-08-25');
INSERT INTO tbl_reply (REPLYNO, BOARDNO, COMMENTS, PARENTREPLYNO, USERID, NICKNAME, LIKES, UPDATEDATE) VALUES (seq_reply.NEXTVAL, 29, '여기서 멋진 시간을 보냈어요.', NULL, 'rabbit', '토끼', 19, '2024-08-28');
INSERT INTO tbl_reply (REPLYNO, BOARDNO, COMMENTS, PARENTREPLYNO, USERID, NICKNAME, LIKES, UPDATEDATE) VALUES (seq_reply.NEXTVAL, 29, '평화로운 환경이 마음에 들었어요.', NULL, 'lion', '사자', 2, '2024-08-26');
INSERT INTO tbl_reply (REPLYNO, BOARDNO, COMMENTS, PARENTREPLYNO, USERID, NICKNAME, LIKES, UPDATEDATE) VALUES (seq_reply.NEXTVAL, 29, '캠퍼들에게 꼭 추천해요.', NULL, 'dog', '강아지', 4, '2024-08-25');
INSERT INTO tbl_reply (REPLYNO, BOARDNO, COMMENTS, PARENTREPLYNO, USERID, NICKNAME, LIKES, UPDATEDATE) VALUES (seq_reply.NEXTVAL, 29, '여행 동안 날씨가 완벽했어요.', NULL, 'wolf', '늑대', 13, '2024-08-28');
INSERT INTO tbl_reply (REPLYNO, BOARDNO, COMMENTS, PARENTREPLYNO, USERID, NICKNAME, LIKES, UPDATEDATE) VALUES (seq_reply.NEXTVAL, 30, '아름다운 풍경입니다.', NULL, 'lion', '사자', 12, '2024-08-29');
INSERT INTO tbl_reply (REPLYNO, BOARDNO, COMMENTS, PARENTREPLYNO, USERID, NICKNAME, LIKES, UPDATEDATE) VALUES (seq_reply.NEXTVAL, 30, '정말 환상적인 경험이었습니다.', NULL, 'rabbit', '토끼', 4, '2024-08-28');
INSERT INTO tbl_reply (REPLYNO, BOARDNO, COMMENTS, PARENTREPLYNO, USERID, NICKNAME, LIKES, UPDATEDATE) VALUES (seq_reply.NEXTVAL, 30, '경치가 정말 아름다워요.', NULL, 'wolf', '늑대', 20, '2024-08-29');
INSERT INTO tbl_reply (REPLYNO, BOARDNO, COMMENTS, PARENTREPLYNO, USERID, NICKNAME, LIKES, UPDATEDATE) VALUES (seq_reply.NEXTVAL, 30, '여행 동안 날씨가 완벽했어요.', NULL, 'wolf', '늑대', 18, '2024-08-28');
INSERT INTO tbl_reply (REPLYNO, BOARDNO, COMMENTS, PARENTREPLYNO, USERID, NICKNAME, LIKES, UPDATEDATE) VALUES (seq_reply.NEXTVAL, 30, '평화로운 환경이 마음에 들었어요.', NULL, 'dog', '강아지', 17, '2024-08-27');
INSERT INTO tbl_reply (REPLYNO, BOARDNO, COMMENTS, PARENTREPLYNO, USERID, NICKNAME, LIKES, UPDATEDATE) VALUES (seq_reply.NEXTVAL, 31, '주말에 딱 맞는 장소에요.', NULL, 'wolf', '늑대', 15, '2024-08-27');
INSERT INTO tbl_reply (REPLYNO, BOARDNO, COMMENTS, PARENTREPLYNO, USERID, NICKNAME, LIKES, UPDATEDATE) VALUES (seq_reply.NEXTVAL, 31, '주변 야생동물이 놀라워요.', NULL, 'dog', '강아지', 7, '2024-08-26');
INSERT INTO tbl_reply (REPLYNO, BOARDNO, COMMENTS, PARENTREPLYNO, USERID, NICKNAME, LIKES, UPDATEDATE) VALUES (seq_reply.NEXTVAL, 31, '주말에 딱 맞는 장소에요.', NULL, 'wolf', '늑대', 14, '2024-08-27');
INSERT INTO tbl_reply (REPLYNO, BOARDNO, COMMENTS, PARENTREPLYNO, USERID, NICKNAME, LIKES, UPDATEDATE) VALUES (seq_reply.NEXTVAL, 32, '여행 동안 날씨가 완벽했어요.', NULL, 'wolf', '늑대', 9, '2024-08-28');
INSERT INTO tbl_reply (REPLYNO, BOARDNO, COMMENTS, PARENTREPLYNO, USERID, NICKNAME, LIKES, UPDATEDATE) VALUES (seq_reply.NEXTVAL, 32, '여행 동안 날씨가 완벽했어요.', NULL, 'rabbit', '토끼', 5, '2024-08-26');
INSERT INTO tbl_reply (REPLYNO, BOARDNO, COMMENTS, PARENTREPLYNO, USERID, NICKNAME, LIKES, UPDATEDATE) VALUES (seq_reply.NEXTVAL, 32, '조용한 휴식을 위해 완벽한 곳이에요.', NULL, 'wolf', '늑대', 3, '2024-08-27');
INSERT INTO tbl_reply (REPLYNO, BOARDNO, COMMENTS, PARENTREPLYNO, USERID, NICKNAME, LIKES, UPDATEDATE) VALUES (seq_reply.NEXTVAL, 32, '이 장소 강력 추천합니다.', NULL, 'wolf', '늑대', 4, '2024-08-26');
INSERT INTO tbl_reply (REPLYNO, BOARDNO, COMMENTS, PARENTREPLYNO, USERID, NICKNAME, LIKES, UPDATEDATE) VALUES (seq_reply.NEXTVAL, 32, '좋은 위치에 있으며 접근성이 좋아요.', NULL, 'rabbit', '토끼', 9, '2024-08-25');
INSERT INTO tbl_reply (REPLYNO, BOARDNO, COMMENTS, PARENTREPLYNO, USERID, NICKNAME, LIKES, UPDATEDATE) VALUES (seq_reply.NEXTVAL, 32, '조용한 휴식을 위해 완벽한 곳이에요.', NULL, 'lion', '사자', 11, '2024-08-28');
INSERT INTO tbl_reply (REPLYNO, BOARDNO, COMMENTS, PARENTREPLYNO, USERID, NICKNAME, LIKES, UPDATEDATE) VALUES (seq_reply.NEXTVAL, 33, '아름다운 풍경입니다.', NULL, 'rabbit', '토끼', 17, '2024-08-25');
INSERT INTO tbl_reply (REPLYNO, BOARDNO, COMMENTS, PARENTREPLYNO, USERID, NICKNAME, LIKES, UPDATEDATE) VALUES (seq_reply.NEXTVAL, 33, '주말에 딱 맞는 장소에요.', NULL, 'dog', '강아지', 11, '2024-08-27');
INSERT INTO tbl_reply (REPLYNO, BOARDNO, COMMENTS, PARENTREPLYNO, USERID, NICKNAME, LIKES, UPDATEDATE) VALUES (seq_reply.NEXTVAL, 33, '아름다운 풍경입니다.', NULL, 'dog', '강아지', 17, '2024-08-26');
INSERT INTO tbl_reply (REPLYNO, BOARDNO, COMMENTS, PARENTREPLYNO, USERID, NICKNAME, LIKES, UPDATEDATE) VALUES (seq_reply.NEXTVAL, 33, '주말에 딱 맞는 장소에요.', NULL, 'dog', '강아지', 11, '2024-08-26');
INSERT INTO tbl_reply (REPLYNO, BOARDNO, COMMENTS, PARENTREPLYNO, USERID, NICKNAME, LIKES, UPDATEDATE) VALUES (seq_reply.NEXTVAL, 33, '정말 환상적인 경험이었습니다.', NULL, 'rabbit', '토끼', 3, '2024-08-29');
INSERT INTO tbl_reply (REPLYNO, BOARDNO, COMMENTS, PARENTREPLYNO, USERID, NICKNAME, LIKES, UPDATEDATE) VALUES (seq_reply.NEXTVAL, 33, '주변 야생동물이 놀라워요.', NULL, 'wolf', '늑대', 16, '2024-08-26');
INSERT INTO tbl_reply (REPLYNO, BOARDNO, COMMENTS, PARENTREPLYNO, USERID, NICKNAME, LIKES, UPDATEDATE) VALUES (seq_reply.NEXTVAL, 33, '이 장소 강력 추천합니다.', NULL, 'lion', '사자', 1, '2024-08-29');
INSERT INTO tbl_reply (REPLYNO, BOARDNO, COMMENTS, PARENTREPLYNO, USERID, NICKNAME, LIKES, UPDATEDATE) VALUES (seq_reply.NEXTVAL, 34, '여행 동안 날씨가 완벽했어요.', NULL, 'rabbit', '토끼', 13, '2024-08-26');
INSERT INTO tbl_reply (REPLYNO, BOARDNO, COMMENTS, PARENTREPLYNO, USERID, NICKNAME, LIKES, UPDATEDATE) VALUES (seq_reply.NEXTVAL, 35, '좋은 위치에 있으며 접근성이 좋아요.', NULL, 'wolf', '늑대', 17, '2024-08-26');
INSERT INTO tbl_reply (REPLYNO, BOARDNO, COMMENTS, PARENTREPLYNO, USERID, NICKNAME, LIKES, UPDATEDATE) VALUES (seq_reply.NEXTVAL, 35, '조용한 휴식을 위해 완벽한 곳이에요.', NULL, 'wolf', '늑대', 6, '2024-08-28');
INSERT INTO tbl_reply (REPLYNO, BOARDNO, COMMENTS, PARENTREPLYNO, USERID, NICKNAME, LIKES, UPDATEDATE) VALUES (seq_reply.NEXTVAL, 35, '경치가 정말 아름다워요.', NULL, 'rabbit', '토끼', 6, '2024-08-25');
INSERT INTO tbl_reply (REPLYNO, BOARDNO, COMMENTS, PARENTREPLYNO, USERID, NICKNAME, LIKES, UPDATEDATE) VALUES (seq_reply.NEXTVAL, 35, '이 장소 강력 추천합니다.', NULL, 'wolf', '늑대', 14, '2024-08-29');
INSERT INTO tbl_reply (REPLYNO, BOARDNO, COMMENTS, PARENTREPLYNO, USERID, NICKNAME, LIKES, UPDATEDATE) VALUES (seq_reply.NEXTVAL, 35, '조용한 휴식을 위해 완벽한 곳이에요.', NULL, 'lion', '사자', 13, '2024-08-25');
INSERT INTO tbl_reply (REPLYNO, BOARDNO, COMMENTS, PARENTREPLYNO, USERID, NICKNAME, LIKES, UPDATEDATE) VALUES (seq_reply.NEXTVAL, 35, '정말 환상적인 경험이었습니다.', NULL, 'lion', '사자', 3, '2024-08-27');
INSERT INTO tbl_reply (REPLYNO, BOARDNO, COMMENTS, PARENTREPLYNO, USERID, NICKNAME, LIKES, UPDATEDATE) VALUES (seq_reply.NEXTVAL, 35, '주변 야생동물이 놀라워요.', NULL, 'wolf', '늑대', 9, '2024-08-29');
INSERT INTO tbl_reply (REPLYNO, BOARDNO, COMMENTS, PARENTREPLYNO, USERID, NICKNAME, LIKES, UPDATEDATE) VALUES (seq_reply.NEXTVAL, 35, '여기서 캠핑 정말 좋았어요!', NULL, 'lion', '사자', 17, '2024-08-29');

insert into tbl_item_type
 values(1, 'car', '차');
insert into tbl_item_type
 values(2, 'tent', '텐트');

insert into tbl_items(itemno, typeno, itemname, itemnamekr, price, capacity, itempath)
values(seq_items.nextval, 1, 'rearcar', '리어카', 0, 1, '/resources/lee/image/chabak/image/rearcarL.png');
insert into tbl_items(itemno, typeno, itemname, itemnamekr, price, capacity, itempath)
values(seq_items.nextval, 2, 'newspaper', '신문지', 0, 1, '/resources/lee/image/chabak/image/newspaper.png');
insert into tbl_items(itemno, typeno, itemname, itemnamekr, price, capacity, itempath)
values(seq_items.nextval, 1, 'smallcar', '소형차', 100, 2, '/resources/lee/image/chabak/image/smallcarL.png');
insert into tbl_items(itemno, typeno, itemname, itemnamekr, price, capacity, itempath)
values(seq_items.nextval, 2, 'smalltent', '소형텐트', 100, 2, '/resources/lee/image/chabak/image/smalltent.png');
insert into tbl_items(itemno, typeno, itemname, itemnamekr, price, capacity)
values(seq_items.nextval, 1, 'midcar', '중형차', 500, 4);
insert into tbl_items(itemno, typeno, itemname, itemnamekr, price, capacity)
values(seq_items.nextval, 2, 'midtent', '중형텐트', 500, 4);
insert into tbl_items(itemno, typeno, itemname, itemnamekr, price, capacity)
values(seq_items.nextval, 1, 'bigcar', '대형차', 1500, 6);
insert into tbl_items(itemno, typeno, itemname, itemnamekr, price, capacity)
values(seq_items.nextval, 2, 'bigtent', '대형텐트', 1500, 6);
 
insert into tbl_user_items
 VALUES('system', 1);
insert into tbl_user_items
 VALUES('system', 2);
insert into tbl_user_items
 VALUES('system', 3);
insert into tbl_user_items
 VALUES('system', 4);
insert into tbl_user_items
 VALUES('system', 1);
insert into tbl_user_items
 VALUES('system', 2);
"INSERT INTO tbl_report_target_type (targetTypeNo, targetType)
VALUES (seq_report_target_type.nextval, '유저');
INSERT INTO tbl_report_target_type (targetTypeNo, targetType)
VALUES (seq_report_target_type.nextval, '게시판');
INSERT INTO tbl_report_target_type (targetTypeNo, targetType)
VALUES (seq_report_target_type.nextval, '댓글');

insert into tbl_report_reason_type(reasonTypeno, reasonType)
 values(seq_report_reason_type.nextval, '스팸홍보/도배');
insert into tbl_report_reason_type(reasonTypeno, reasonType)
 values(seq_report_reason_type.nextval, '음란물');
insert into tbl_report_reason_type(reasonTypeno, reasonType)
 values(seq_report_reason_type.nextval, '불법정보');
insert into tbl_report_reason_type(reasonTypeno, reasonType)
 values(seq_report_reason_type.nextval, '청소년유해');
insert into tbl_report_reason_type(reasonTypeno, reasonType)
 values(seq_report_reason_type.nextval, '개인정보 노출');
insert into tbl_report_reason_type(reasonTypeno, reasonType)
 values(seq_report_reason_type.nextval, '불쾌한 표현');
insert into tbl_report_reason_type(reasonTypeno, reasonType)
 values(seq_report_reason_type.nextval, '욕설/생명경시/혐오/차별적 표현');

INSERT INTO tbl_report (reportNo, userId, target, targetTypeNo, content, reportDate, processedDate, status, reasonTypeNo, targetURL)
VALUES (seq_report.NEXTVAL, 'user01', '101', 1, '게시글에 불쾌한 내용이 있습니다.', SYSDATE-5, SYSDATE-3, 'completed', 1, '/');
INSERT INTO tbl_report (reportNo, userId, target, targetTypeNo, content, reportDate, processedDate, status, reasonTypeNo, targetURL)
VALUES (seq_report.NEXTVAL, 'user01', '202', 3, '댓글에서 비방하는 내용을 발견했습니다.', SYSDATE-3, NULL, 'in_progress', 2, '/');
INSERT INTO tbl_report (reportNo, userId, target, targetTypeNo, content, reportDate, processedDate, status, reasonTypeNo, targetURL)
VALUES (seq_report.NEXTVAL, 'user01', '303', 1, '해당 유저가 스팸 메시지를 전송합니다.', SYSDATE-2, NULL, 'pending', 3, '/');
INSERT INTO tbl_report (reportNo, userId, target, targetTypeNo, content, reportDate, processedDate, status, reasonTypeNo, targetURL)
VALUES (seq_report.NEXTVAL, 'user01', '102', 2, '게시글에서 불법적인 콘텐츠가 발견되었습니다.', SYSDATE-7, SYSDATE-4, 'rejected', 1, '/');
INSERT INTO tbl_report (reportNo, userId, target, targetTypeNo, content, reportDate, processedDate, status, reasonTypeNo, targetURL)
VALUES (seq_report.NEXTVAL, 'user01', '204', 3, '댓글에서 욕설이 포함되어 있습니다.', SYSDATE-10, SYSDATE-9, 'completed', 2, '/');
INSERT INTO tbl_report (reportNo, userId, target, targetTypeNo, content, reportDate, processedDate, status, reasonTypeNo, targetURL)
VALUES (seq_report.NEXTVAL, 'user01', '305', 1, '유저가 타인을 사칭하고 있습니다.', SYSDATE-1, NULL, 'on_hold', 3, '/');
INSERT INTO tbl_report (reportNo, userId, target, targetTypeNo, content, reportDate, processedDate, status, reasonTypeNo, targetURL)
VALUES (seq_report.NEXTVAL, 'user01', '106', 2, '게시글에서 허위 정보를 발견했습니다.', SYSDATE-8, SYSDATE-7, 'completed', 1, '/');
INSERT INTO tbl_report (reportNo, userId, target, targetTypeNo, content, reportDate, processedDate, status, reasonTypeNo, targetURL)
VALUES (seq_report.NEXTVAL, 'user01', '208', 3, '댓글에서 차별적인 발언이 있었습니다.', SYSDATE-6, NULL, 'in_progress', 2, '/');

-- Wolf 사용자의 관심사 데이터를 삽입하는 SQL 문
INSERT INTO TBL_INTERESTS_BOARD (USERID, BOARDTYPENO, PREFERENCE_COUNT) VALUES ('wolf', 1, 9);
INSERT INTO TBL_INTERESTS_BOARD (USERID, BOARDTYPENO, PREFERENCE_COUNT) VALUES ('wolf', 2, 5);
INSERT INTO TBL_INTERESTS_BOARD (USERID, BOARDTYPENO, PREFERENCE_COUNT) VALUES ('wolf', 3, 2);
INSERT INTO TBL_INTERESTS_BOARD (USERID, BOARDTYPENO, PREFERENCE_COUNT) VALUES ('wolf', 4, 10);
INSERT INTO TBL_INTERESTS_BOARD (USERID, BOARDTYPENO, PREFERENCE_COUNT) VALUES ('wolf', 5, 11);
INSERT INTO TBL_INTERESTS_BOARD (USERID, BOARDTYPENO, PREFERENCE_COUNT) VALUES ('wolf', 6, 4);
INSERT INTO TBL_INTERESTS_BOARD (USERID, BOARDTYPENO, PREFERENCE_COUNT) VALUES ('wolf', 7, 6);
INSERT INTO TBL_INTERESTS_BOARD (USERID, BOARDTYPENO, PREFERENCE_COUNT) VALUES ('wolf', 8, 8);


-- lion 사용자의 관심사 데이터를 삽입하는 SQL 문
INSERT INTO TBL_INTERESTS_BOARD (USERID, BOARDTYPENO, PREFERENCE_COUNT) VALUES ('lion', 1, 9);
INSERT INTO TBL_INTERESTS_BOARD (USERID, BOARDTYPENO, PREFERENCE_COUNT) VALUES ('lion', 2, 5);
INSERT INTO TBL_INTERESTS_BOARD (USERID, BOARDTYPENO, PREFERENCE_COUNT) VALUES ('lion', 3, 2);
INSERT INTO TBL_INTERESTS_BOARD (USERID, BOARDTYPENO, PREFERENCE_COUNT) VALUES ('lion', 4, 10);
INSERT INTO TBL_INTERESTS_BOARD (USERID, BOARDTYPENO, PREFERENCE_COUNT) VALUES ('lion', 5, 11);
INSERT INTO TBL_INTERESTS_BOARD (USERID, BOARDTYPENO, PREFERENCE_COUNT) VALUES ('lion', 6, 4);
INSERT INTO TBL_INTERESTS_BOARD (USERID, BOARDTYPENO, PREFERENCE_COUNT) VALUES ('lion', 7, 6);
INSERT INTO TBL_INTERESTS_BOARD (USERID, BOARDTYPENO, PREFERENCE_COUNT) VALUES ('lion', 8, 8);

